{
  "settings": {
    "components": {
      "code": true,
      "binaries": false
    },
    "targetId": "",
    "targetDisplayName": ".NET 8.0"
  },
  "analysisStartTime": "2025-03-16T18:31:40.7278422Z",
  "analysisEndTime": "2025-03-16T18:31:41.1737505Z",
  "privacyModeHelpUrl": "https://go.microsoft.com/fwlink/?linkid=2270980",
  "stats": {
    "summary": {
      "projects": 1,
      "issues": 0,
      "incidents": 0,
      "effort": 0
    },
    "charts": {
      "severity": {
        "Mandatory": 0,
        "Optional": 0,
        "Potential": 0,
        "Information": 0
      },
      "category": {}
    }
  },
  "projects": [
    {
      "path": "WebApplication5\\netCoreApiSyspro.csproj",
      "startingProject": true,
      "issues": 0,
      "storyPoints": 0,
      "ruleInstances": []
    }
  ],
  "rules": {}
}